id	name
1	トップページ
2	メニュー
3	メニュー2
4	プラグイン/ニュース
5	プラグイン/編集履歴
6	プラグイン/アーカイブ
7	プラグイン/動画(Youtube)
8	プラグイン
9	プラグイン/関連ブログ
10	プラグイン/コメント
11	ミクたんのテーマ
12	恋スルVOC@LOID
13	テンプレート/曲
14	大好き！お兄ちゃん！
15	猫になった日
16	Packaged
17	仕方ないのよね
18	1枚のはね
19	White Letter/GonGoss
20	みくみくにしてあげる♪
21	あなたの歌姫
22	宝物
24	シューティング☆スター/かじゅきP
25	moon/iroha
28	I Sing For You/haruno-suke
29	おしえて！だぁりん
30	恋愛ボーカロイド
31	BEST FRIENDS
32	この想い伝えたくて～ココロノ花ビラ～
33	この想い伝えたくて～花びら乱舞～
34	ハジメテノオト
35	celluloid
36	タイムリミット/畳P（North-T）
37	Shining Rain
38	曲一覧
39	砂場
40	砂場/コメントログ
41	このWikiの管理
42	曲の追加の仕方
43	このWikiの管理/コメントログ
44	歴史/VOCALOID
46	テンプレート/作り手
47	作り手一覧
49	フナコシP
50	ワンカップP
51	デッドボールP
52	鼻毛P
53	baker
55	ika
56	kz
57	azuma
58	BinoP
59	くちばしP
61	ゆうゆ
62	cosMo（暴走P）
64	nekoyu
65	目玉P
66	昭和歌謡P
68	萌え賛美歌P
69	ストラトスフィア
70	うたたP
71	Kouhei（K's Sound Project）
72	ストロボナイツ
73	またおまP
74	ヤスオP
77	リンク集
78	タグまとめ
79	初音ミクとは
80	まぁしあP
81	Re:nG
82	メルト
84	melody...
85	隅っこP
86	アド・アストラ
87	乱数P
90	リラホルン
91	文鳥P
92	わんだらP
94	くらP
95	金の聖夜霜雪に朽ちて
96	ネハンシカP
97	haruna808
98	Daybreak/samfree
99	忘れないで・・・
100	永久に続く五線譜
102	saturation
103	きみの体温（ぬくもり）
104	Chocolate☆Magic -ドキドキ大作戦-
105	Dreaming Leaf -ユメミルコトノハ-
106	月の詩
107	Happy*Happy Magic
108	消えない記憶
109	雲の遺跡
111	誰かにひとりごと
112	samfree
113	はややP
114	初音ミクの消失
115	Initiation/セセラギP
116	魚に逆らうからさ！！
117	Cocktail and Lovers' Night
118	Dies Irae－蜥蜴の唄－
119	ガーネットローズ
120	いつかギラギラする日
121	願い/アップルP
122	灰雪ガス
123	えれくとりっく・えんじぇぅ
125	kihirohito
126	夜祭/夜祭P
127	GonGoss
128	ミクのオルゴール
129	あなたがいるから-Monitor of Love-
130	夕闇メロディ
131	つないだ手
132	らいおんP
134	秦野P
135	私の時間
136	Holy Star
137	わたしのツバサ
138	サウンド
139	ミラクルペイント
141	ドンフライP
142	Q&A
143	つべ板本スレ　テンプレ置き場
144	ファインダー
145	はるか/くらP
146	ぢょんP
147	Promise/samfree
148	初音型依存症候群
149	畳P（North-T）
150	My first X'mas
151	初音ミクの暴走
152	初音ミク
153	合成音声一覧
154	yanagiP
155	森の中の赤い川
156	歌詞を乱数で生成した歌
157	ハト
158	なぜか変換できない
159	もっと歌わせて2107
160	さよなら/林檎
161	おやすみのうた/OSTER project
162	ウタエナイウタ
163	桜の季節
164	廻り出すセカイ
165	鏡音リン・レン
167	片想イVOC@LOID
168	流星/流星P
169	サイハテ
170	小林オニキス
172	涼風P
173	doriko
174	遺作P
175	トラボルタP
176	IGASIO
177	ボカロ互助会
178	シグナルP
179	星空に願いを込めて ～Good Night
180	近未来都市
181	ぺぺろんP
183	歌に形はないけれど
184	白の季節
185	機械仕掛の詩
186	クローバー♣クラブ
187	恋するキカイ
188	流星P
189	Fly away,Gray bird...
190	ぶちぬけ！2008！
191	Forgotten...
192	輝く希望の謳
193	夜明けの空
194	アンチェインド・メモリー
195	伝えたいきもち
196	桜のような恋でした
197	涙にさよなら
198	きみをわすれない
199	金色のアリス
200	ソラノカナタ/ソライロP
201	体の調子おかしいの
202	Innocence/KazuP
203	Little M
204	あるお節介な言葉
205	今ボクの中にある小さな勇気
206	電脳スキル
207	スマイリーxスマイリー
208	ネギの祀り謳
209	シンP
210	ちょいワルP
211	みくみく菌にご注意♪
212	ぴんぽんだっしゅ！
213	うたごえぐるぐる
215	19's Sound Factory
216	雪の雫
217	ONPA -音波-
218	サクラ咲ク
220	shu-tP
221	ビー玉
222	Bumpyうるし
223	ぼか主
224	龍ノ啼ク箱庭拠リ
225	あなたがくれたオト
226	弱音P
227	Harmonia/作り手
228	忘却心中
229	ねぎたまP
230	離さんといてよ
232	andromeca
233	Lividus
234	OSTER project
235	うどんゲルゲ
236	KAITO
237	MEIKO
238	曲一覧（ページ作成順）
240	曲一覧/あ行
246	おてんば姫の歌♪
247	護法少女ソワカちゃん
248	曲一覧/その他
249	曲一覧/か行
250	曲一覧/A～Z
251	曲一覧/さ行
252	曲一覧/た行
253	曲一覧/わ行
254	曲一覧/な行
255	曲一覧/ら行
256	曲一覧/は行
257	曲一覧/や行
258	曲一覧/ま行
259	EX-GIRL
260	KYUTARO
261	まうP
262	cmmz
263	awk
264	初音ミクさんの心境
265	迷惑なあなた
266	OPA
267	チイサナセカイ/OPA
268	Close My Eyes
269	In The Moment
270	BingoBongoP
271	同じように
272	教えて!! 魔法のLyric
273	よつばのクローバー
274	Time&Space
275	リンリンシグナル
276	アキアカネ
277	無条件幸福
278	FortuneDiver
279	ウタハコ:／／H
280	逆襲のMeiko
281	PASSIONAIRE
282	cokesi
283	コンビニ/cokesi
284	リンクだけ存在する未作成ページ一覧
285	White Lights
286	Sound of Virginity
287	DTMってなぁに？
288	雪峰 ～yukimine～
289	うたごえとどけ！にこにこどうが
290	ごまあえP
291	魔法少女ラジカルペイント
292	noodle
293	chocolat
296	落葉とワルツを
297	万感吟遊
298	椛
299	卑怯戦隊うろたんだー
300	Life of Melody
301	見えない涙を流すなら
302	SING＆SMILE
303	心の詩/てつやP
306	純情系化学少女ケミカル☆リン
307	FAIRYLAND
308	林檎/作り手
312	サヨナラ/そそそP
313	ロザリオ
314	桜舞う日
315	雨宿りの二人
316	LOVELY☆VOCALOID
317	GIRL meets BOY
318	Voice/19's Sound Factory
319	いつしか、必ず。
320	ドキドキ♪ハートチューン
322	harunacute
323	cappuccino
324	倦怠期
325	over16bit!
326	Hello, my master./ぺぺろんP
327	Overcome
328	Shooting Star Prologue
329	La Noël Sucrée ～おさとうノエル～
330	WAY
331	月花ノ姫歌/ちえP
332	ジェバンニP
333	ピンクスパイダー
334	恋スルVOC@LOID -テイクゼロ-
335	Birth/19's Sound Factory
336	きょうもうたう
337	時計廻る午後六時
338	井戸端
340	晴れときどきにわか雨
341	LEON/VOCALOID
342	LOLA
343	MIRIAM
344	Sweet Ann
345	PRIMA
346	初音ミクの終焉 -Worst END-
347	サラリーマンのうた
348	Recollection/DUNKEL
349	picoP
350	恋の化学反応☆
351	Big-Al
352	Crea
353	Tears In Blue
354	秋空
355	涙のチョコレートモンスター
356	hello, world/null
357	みくみっくす
358	ねがい/juraki
359	夏秋冬
360	コーホーP
361	不思議な幸せ
362	黄昏サーカス
363	ネジP
364	ロケット宅宙便
365	放課後ちょこかっぷ
366	ちえP
367	雪灯
368	てつやP
369	peace world
370	wing/てつやP
371	曲者P
372	少し楽しくなる時報（Time Signal）
373	涙枯れるまで泣くほうがいいかも
374	te-tote-totte～手と手とって
375	Pteron
376	ゆにめもP
377	リンレンラリリン
378	LOVE&P
379	前へ/LOVE&P
380	peace of the world
381	色あせる笑顔
382	ハッピースマイル
383	夢みることり
384	Universe.
385	嘘ついてるの
386	ほんとは分かってる
387	記憶/フナコシP
388	中学生/フナコシP
389	とりのえさ
390	wish ～靴紐を結んで～
391	osatohP
392	黒い森
393	月の踊り子
394	初音の世界
395	情熱P
396	メランコリー/19's Sound Factory
397	アッ子P
398	waraP
399	葱ヶ原の戦い
400	哀愁と情熱のロードローラー
401	Clean Tears
402	水鏡の庭
403	Dragoon
404	すんｚりヴぇｒP
405	みっくりすます
406	UPNUSY
407	MIA VOCE
408	X-Plorez
410	チリユクトキハ
411	どこまでもツヅク色
412	シューティングスター/ジェバンニP
413	ドント☆クライ
414	リンリンリンってしてくりん
415	リンカーネーション
416	さよなら、ニコニコ動画
417	御楽シミ界
418	妖怪少女
419	闇の唄
420	呪いの世界
421	夕やみも夜明けにかわる
423	My Brand New Love
424	クリスマスですが何か？
425	Tower of Sunz
426	トライアル
427	ハイブリッド
428	平日（くもり）
429	ヒヤリハット
430	なっとくP
431	なっとく森の歌
432	100年後のあなたへ
433	Everwhite
434	子猫のパヤパヤ
436	幸せの種
437	Love of a Groove
438	Chillyditty Of February
439	それが僕らのジャスティス
440	cryosphere
441	クリスマス中止のお知らせ/せろふぉと
442	ふなむしP
443	消えゆくあなたへ
444	Do you want my heart？
445	夕暮れノスタルジック
446	CHAIN/samfree
447	朝焼けのうた
448	Angel Heart
449	壊れた時計
450	10月の雨/曲者P
451	雪が舞い降りたら
452	レンxミクの電・脳☆スキル!!
453	花/カラオケP
454	電空少女
455	君と僕/おパンクP
456	HEART BREAKER
457	那由他の彼方まで
458	Otomania
459	最終電車
460	sansuiP
461	あ/sansuiP
462	ギロカクたんまとめ
463	アクリル
464	ユメレア
465	TからSへ
466	恋は戦争
467	桜ノ雨
468	halyosy
469	after resolution
470	あかいせかい
471	氷結のディスコ
472	Miktronica
473	Frogging Dance
474	君のメロディー
475	アイサツロボット
476	Machine Meiden
477	バースデイ/鮭P
478	朝の時間
479	ふゆはこたつから出ない
480	忘れ歌
481	優しい気持ち
482	初音ミクのうた
483	いのちのうた/haruna808
484	The thought to tell
485	Crystal
486	surely/shu-tP
487	ハッピネス
488	Oh Year!!!
489	同じ月の下で
490	都市
491	anxiety
492	銀の夢
493	Snowflake/ふなむしP
494	enthusiasm
495	やっぱ金やんか
496	例えば僕が消え去って
497	404 Not Found ～Mの歌～
498	星夜の夢
499	風切羽
502	だいじょうぶだよ
503	Linkage
504	コトバ　キモチ
505	SOUL FREE
506	ヒンディーピープル
507	粉雪にのせて
508	歯車／油絵
510	フルチン☆ブギ
511	眠り姫/チーターガールP
512	チーターガールP
513	空へ
514	遠き日の桜へ
515	翼歌
516	ichiP
517	桜の花びら咲くころにもう一度ここで逢いましょう
518	Various feelings
520	Morning Good Do
521	トラP
522	ANOTHER PROMISE
523	Captured
524	ひとりにしないで。
525	RAINBOWロード
526	I shine without you
527	Existence/shu-tP
528	ココロ
529	HMOとかの中の人
530	シンゲツのモリ
531	ネオ☆仁義
532	あわあわp
533	SPICE!
534	黒うさP
535	Next Stage/そそそP
536	そそそP
537	カンタレラ
538	空の物語
539	39/Otomania
540	琥珀の風
541	三寒四温
542	Iceheart
543	あの人に会える
544	桜吹雪が如く
545	荒野の先に・・・
546	きっとこの場所で
547	Whisper
548	嘘歌
549	鏡の音
550	ひとひら
551	BLUE OF MIND
552	彩花
553	スターロード
554	いつしか
555	スターシップ
556	0/cosMo（暴走P）
557	Forgotten Words
558	愛する景色に
559	みくのこもりうた
560	ずっと、ずっと・・・
561	海の向こう
562	穏やかに日常
563	カラクリノコイ
564	大したことでも
565	ミニスカP
566	Shibayan
567	ばすてぃP
568	R☆L滑舌探求歌
569	ぶっちぎりP
570	卑屈P
571	サクラアメ
572	画面の向こうのあなた
573	Cyclone
574	プーチンP
575	いっしょにね！
576	レインロード
577	裏コマンダーP
578	涼之介P
579	かれは38
580	ネギを食べなさいっ！
581	Snow Angel/WHETHE
582	もっと　伸びろ　ぼくの　動画
583	爪櫛
584	トマ豆腐
585	ハルヨイ
586	お前、豆腐を嘗めんなよ
587	ウーロン奉行・少レン寺メインテーマ
588	I am
589	Ash/コーホーP
590	物理屋のサヨナラ
591	病んで☆Fairy heart
592	明日へ舞う桜（はな）
593	ドジっ子P
594	やさしく輝く月のように
595	台風と橋
596	Marionet
597	しんぎん’ふぉーゆぅ
598	おしまいだぜ
599	ゆめをみようよ。
600	Soar
601	春！桜！ニンジャ！
602	月歌
603	daniwell
604	てむてららる ちょむちょめぷ
605	子猫は独り遥か雪に埋もれてわたしを見つめる
606	Celestial Symphony
607	パステルライナー☆
608	Over Flow
609	Dummy Clock
610	ボクとクモ
611	ほのぼのP
612	つるつるP
613	RING×RING×RING
615	soda/あわあわP
616	森之宮神療所☆
617	本日営業中
618	フライングスタート
619	桜月
620	Aurora/RozenkreuzP
621	さくら/ぶりるP
622	Higher Than Clouds
623	きょうも、あしたも
624	すすすす、すき、だあいすき
625	Rosario
626	柏餅P
627	MAZE ～終わりのない地図～
628	サッドソング
629	全部気のせい！
630	のんだくれ帝国の逆襲
631	長靴P
632	桜吹雪/ぢょんP
633	みくみくちぇっく♪
634	フルスイング
635	プレゼント/KEI
636	Everybody Say Hello
637	JUNK/keiki
638	Futures－ミライノオト－
639	紅一葉
640	桜色自転車
641	Glass Memories
642	うさまるP
643	勿忘草 -Forget Me Not-
644	ドッP
645	Dear/19's Sound Factory
647	雨　おとなり　晴天！
648	世界に一人のクズ野郎
649	ハッピーバースデー　パンク版
650	タグまとめ/曲
651	下剋上(完)
652	一行P
653	しあわせな王子
654	暗い森のサーカス
655	マチゲリータP
656	ハロP
657	初音ミクの消失 -DEAD END-
658	命令
659	蒼P
660	蒼-BLUE-
661	その他のデータベース
662	作り手の追加の仕方
664	フリージア　～雨上がりに誘われて～
665	フリージア　～Longing～
666	イケ恋歌
667	ヘタ恋歌
668	れれれP
669	夕日坂
671	息吹
672	さんきゅ！
673	Hello Windows
674	ちょこまじ☆ろんぐ
676	青空を見つけた日
677	ヤンデレP
678	作り手一覧/あ行
679	作り手一覧/か行
680	作り手一覧/さ行
681	作り手一覧/た行
682	作り手一覧/な行
683	作り手一覧/は行
684	作り手一覧/ま行
685	作り手一覧/や行
686	作り手一覧/ら行
687	作り手一覧/わ行
688	作り手一覧/A～Z
689	作り手一覧/その他
690	作り手一覧（ページ更新順）
691	Nostalogic (radio edit)
692	素直になりたい
693	キミドコ
694	うまくやらなきゃ！
695	Möbius/∀studio
696	怠慢アンソロジー
697	たまねぎオニオン
698	中毒少女２
699	∀studio
700	なんかP
701	重恋歌-Jyurenka-
702	激嬢想歌-Gekijyousouka-
703	ピロリ菌のうた
704	兄弟P
705	氷葬花-Hyousouka-
706	2丁目ブルース～あんたあたいの何なのさ…～
707	旋律王姫-Senritsuouki-
708	innocent summoners
709	sugar chocolate waffle
710	星の駅
711	幻想論
712	どことなくなんとなく
713	オトメラブコメレンアイジジョウ
714	マケナイワタシノコイノウタ
715	みくみくにしてあげたい
716	HAL/修羅場P
717	鬼の面
718	今宵カーニバル
719	トップページ/A
720	トップページ/B
721	ココロ・キセキ
722	10のやくそく
723	スイミー/底辺P
724	帰り道/涼風P
725	わたしのいくところ
726	season
727	買い物がかり
728	ニコニコ・ラプソディー
729	ニコニコ替え唄メドレー Part 1
730	しあわせなねこのうた
731	すくーる・うぉーたー・こすちゅーむ
732	杏あめ（匿名希望の東京都在住）
733	Traveler!
734	ユメロケッツ
735	ソニック☆サイクラー　～恋のちゃりんこダッシュ！～
736	ちび！
737	一日が初音ミク
738	にじいろ。
739	しえろP（ショタエロイドP）
740	My☆Revolution
741	ツンデ恋歌
742	天使は旅立つ
743	メローイエローサブマリン
744	三月の窓
745	ハヤリヒット
746	ポテンヒット
747	熱情詩 -Flame Heart-
748	椿の花
749	ミラーP
750	mirror/ミラーP
751	Virtual-ON
752	カナリア/baker
753	宇宙電波受信P
754	電気羊の夢
755	お願い☆プロデューサー
756	桃色☆アリス
757	Love*3
758	RozenkreuzP
759	オヤスミサラウンド
760	はるのはるか
761	君の翼
762	ナナナナ
763	空の絵 two birds in the sky
764	COCOLOの時計
765	月 ～All of you～
766	双ツ星
767	音色ノ絆
768	ばっちぐ
769	Fly～夢を追い翔けて～
770	ぐるめろ
771	リフレイン/harunacute
772	ジェミニ
773	もっとウタわせて
774	ないと☆いぐにっしょん
775	なんということでしょう
776	ニコニコ替え唄メドレー その2
777	carol
778	はごろもP
779	四月は残酷な季節
780	Stargazer/骨盤P
781	SET FREE
782	トップページ/C
783	頑張ろうよ
784	魔法少女 チビ声ロボ★ボイス
785	赤い沼の底
786	博識であるが故、狂気
787	曾根崎心中
788	yashiro_P
789	フキゲンワルツ
790	プラスチック・ガール
791	Light Song
792	Dixie Flatline
793	ささくれP
794	代打ミク
795	わたしのきもち
796	千年の独奏歌
797	今日犬（ジャムおじさんP）
798	カップ焼きそばの湯切り中に排水溝に落としてしまった時のバラード
799	パン屋さん
800	再生世界
801	怪盗KAITO～今宵も君を求めて～
802	悪ノ娘
803	悪ノ召使
804	ライバル/シグナルP
805	悪ノP
806	五月の窓
807	ひまわり/シグナルP
808	☆星のカケラ☆
809	☆夢のカケラ☆
810	VOCALOID2
811	消えないP
812	花曇
813	らぶざわP
814	カゲフミ
815	ジュンP
817	紅の花
818	わだつみ
819	ポン酢P
820	作り手一覧（ページ作成順）
821	ここあ
822	春風ららら♪
823	幸せなくりすます
824	tomoya
825	iroha/作り手
826	テンネン
827	稲敷常州
828	KEI/ハヤシケイ
829	バーボンハウスへようこそ
830	水郷古鎮
831	あの歌をまた
832	spyreP
833	ロリP
834	想い〜あなたとにくへ〜
835	マセ恋歌
836	不思議の国のアリス
837	歪P
838	絵本『人柱アリス』
839	もう嫌だ！
840	よそはよそ、うちはうち
841	雨の中の捨てられたぬいぐるみ
842	優しい奇跡/harunacute
843	プロローグ。
844	books
845	ことのP
846	NEUROMANCE
847	かじゅきP
848	クレーマーP
849	轍　-わだち-
850	音女－オトメ－
851	機材欲しいP
852	vanished
853	朱い花
854	色の無い街
855	LEO/harunacute
856	orange/作り手
857	リリス／エレクトロ
858	キズアト
859	鮭P
860	感情の波
861	はつね
862	Sepia～chu chu noise～
863	茜色の空に思うこと
864	φは∞（ファイはインフィニティ）
865	虚空戦士マジスパイダー
866	ぱんつP
867	あの双子が円周率1000桁に挑戦
868	時の歯車
870	青春コンプレックス
871	ただいま。
872	空飛ぶウサギの歌
873	Good Night
874	∞/cosMo（暴走P）
875	真夜中の中真夜中
876	MirrorChristmas
877	メランコリア/釈P
878	Last Smile/鮭P
879	愛の電波、最大限で伝えたいこの想い
880	ちょむP
881	トキメキはぴねす☆
882	枕木
883	哀撃貴鋼-Aigekikikou-
884	だいすけP
885	虹/つるつるP
886	流田P
887	あほのこ☆ネギガール
888	Haruna
890	Dead Ball Project vol.1
891	CD一覧
892	Be mine!
893	カラオケ配信曲一覧
894	密林幻想
895	Orange/涼風P
896	白雪～sirayuki～
897	tautology
898	小さな旅～ネズミ達の夢～
899	テンプレート/CD
900	鼻炎狂騒歌
901	天国への手紙（うた）
902	スーパースター鏡音リン
903	リンの冒険
904	空耳P
905	リンの冒険 CONTINUE
906	マッドサイエンティスト
907	シバションP
908	またね
909	ターミナル/謝謝P
911	おなかすいたうた
912	ニュース
913	貴方に花を 私に唄を
914	半透明アラバスタ
915	サルベージ/シバションP
916	ごみばこ
917	釈P
918	本日ハ晴天ナリ
919	yuukiss
920	アズライト
921	わたし注意報
922	テラカゾク
923	CDの追加の仕方
924	パレットP
925	歌に形はないけれど/CD
926	ガラクタ/テンネン
927	ルララ♪
928	m@rk
929	キルシュ。
930	雨の降る日
931	ヽ(ヽ･∀∀･)にこP
932	おつかれさまのうた
933	大福P
934	夕日坂/CD
935	0.5秒
936	プレゼント/ヽ(ヽ･∀∀･)にこP
937	ロードローラー音頭
938	満月のステージ
939	俺のロードローラーだッ！
940	ドライブ！Drive Me Flat
941	First Sound Story
942	マボロシ/お抹茶P
943	お抹茶P
944	カランコエ/お抹茶P
945	Traveler!/CD
946	教えて!! 魔法のLyric/CD
947	ハ☆チ☆ス☆ズ☆メ　オリジナルサウンドトラック
948	メルト/CD
949	SIGNALOID ALBUM
950	Daybreak/CD
951	Gloria　-閉ざされた世界の中で-
952	Floating Iris
953	謝謝P
954	erase or zero
955	あゆP
956	Deja vu ～いつか見た場所～
957	マケナイワタシノコイノウタ/CD
958	ダメダメなキミ
959	sugar/harunacute
960	コノハナサクヤ/UPNUSY
961	lemonade/あわあわp
962	binary star
963	moon/irohaCD
964	celluloid/CD
965	melody.../CD
966	MOMENT/ぱきら
967	ニジイロ＊アドベンチュア
968	ちょこあげる！
969	桜歌
970	大切な宝物
971	さくらのしたで☆
972	REFLECTION/CD
973	MIRACLE TRAX
974	Trax Mint
975	DEBUTANTE
977	mikuringo
978	CHU！して！
979	KiLaKiLa☆ShineGets!
980	じゅるP
981	乖離の刻
982	千年の独奏歌/過去ログ
983	夕焼けのうた
985	目覚めの水平線
986	まほうはじゃどう
987	はじまりだね！
988	crystal mic
989	軌道エレベータ
990	dandelion
991	dandelion/CD
992	クリスタルP
993	オールドラジオ
995	は☆あ☆と☆にキスしてっ
996	卑屈戦隊うつなんだー
997	タイムリミット/CD
998	ハツオト
999	A Lonely Heart
1000	拝啓　お姉様
1001	ポチP
1002	アネモネ/m@rk
1003	ひとりの庭
1004	風に吹かれて/画伯P
1005	スキだなんていえない
1006	Dog Day Afternoon
1007	アヤメ/むーと
1008	アカネ
1009	悪魔降臨
1010	飽きた寝る
1011	庇護祭
1012	水面花
1013	Ever/RozenkreuzP
1014	Falling Rainbow
1015	Dolls/RozenkreuzP
1016	∞-InfinitY-
1017	オトメラブコメレンアイジジョウ/CD
1018	Affairs of Life
1019	彩音P
1020	とらいあんぐる☆Girl's Heart
1021	i/涼風P
1022	鉄巨人
1023	目の無い私
1024	おｋ、緑は、敵だ。
1025	キャプテンミライ
1026	夢じゃないよ
1027	箱入り娘
1028	evening glow
1029	uji
1030	レゾナンス
1031	伝えたいけど飽きた寝る
1033	ユアソング
1034	はちゅねの王国
1035	Ufena
1036	MazoP
1037	don't look for me
1038	水鏡～みずかがみ～
1039	二次元に咲く花
1040	リグレットメッセージ
1041	水の都
1042	toya
1043	ただいま/kuracci
1044	君恋ふる歌
1045	ウタP
1046	散る
1047	卒業おめでとう…
1048	Color/パレットP
1049	Schwartz
1050	Palette/パレットP
1051	Stir up!
1052	サクラ39
1053	kiichi（なんとかP）
1054	Missing/samfree
1055	トルコ行進曲 - オワタ＼(^o^)／
1056	仮面舞踏会/刹那P
1057	カガミネット
1058	泣き桜
1059	ゆりかごから墓場まで
1060	心の宇宙人
1061	黒蝶
1062	LIMITED/takanonP
1063	スターゲイザー/ナタP
1064	「沼の中」
1065	シルク/ここ狭いP
1066	迷いの森/とおくできこえるデンシオン
1067	冬の虫
1068	生命の詩
1069	お兄さんは心配性
1070	闇ノ王
1071	愛情狂現
1072	ファミリンコンピューター
1073	Rover
1074	猫かぶっちゃいらんない
1075	おまいのハートを舗装してあげるッ！
1076	しろいそら
1077	「no title」
1078	delicious
1079	逆襲のロードローラー
1080	ニラ
1081	ロードローラーのウタ
1082	ロードローラー一直線
1084	Skyscraper/釣り師P
1085	ナタP
1086	Skyscraper Ver'BlueSky
1087	千年邂逅
1088	空/ウタP
1089	sackP
1090	メコノプシス・ベトニキフォリア
1091	ネルネル寝るね
1092	wanderer/わんだらP
1093	Ophelia/KYUTARO
1094	コヒーレント
1095	その他
1096	テンプレート
1097	Minuscule Ecstasy
1098	指先
1099	恋するアプリ
1100	Voice/パレットP
1102	スターダスト/sackP
1103	ノギスボールP
1104	Gratitude/19's Sound Factory
1105	ココロ -thousands after-
1106	おはよう、朝だよ!
1107	ミクボサ
1108	魔法鳥女カラフルひよ子
1109	tatmos
1110	幽世の宴
1111	東雲スクランブル
1112	ナモナキP
1113	ハイエナ達のセレナーデ
1114	ブラックスター
1115	恋の三角関数☆
1116	そしてあたしは五線譜を超える
1117	RT factory
1118	12月はいつも
1119	春になれ
1120	以心伝心
1121	井戸端/過去ログ
1122	コメント/井戸端
1123	消える前に
1124	ファーストキス
1125	未来は僕らのためにある
1126	温度/涼風P
1127	kiss me ぎゅっと
1128	アイスうめぇの人
1129	なんだかいいかんじ
1130	an advance
1131	LOVE-C＠LL B∀CK
1132	ヨミビトシラズ
1133	OnChristmasDay
1134	すてっぷ
1135	zasikiP
1136	パエリア
1137	指輪をちょうだい！
1138	Glass of Lovin' Night
1139	迷子うめゑブルース feat. Meiko ～カルタ『ゑ』のテーマ
1140	さささP
1141	花ぶらんこ
1142	マヨイガ
1143	Street Children
1144	こんぺいとうP
1145	ジャガボンゴ
1146	YOU&I
1147	カスミソウ
1148	ホホホイ娘の血が騒ぐ
1149	Evocation
1150	釣り師P
1151	Ray/rukkulook
1152	ナツノウタ
1153	Asaki No'9
1154	あめあめ
1155	あたしファーム
1156	雨/メガロマニア
1157	メガロマニア
1158	Snow-white Medium
1159	セピアP
1161	トオイソラ
1162	オアシス
1163	Color of tears
1164	subliminal
1165	Holy Star／サクラアメ
1166	ダラリ
1167	サジタリアス
1168	No Thank You
1169	くるくるロックンロール
1172	オアシスVer2.0
1173	レクイエム/涼風P
1174	Night Beat -Rebirth-
1175	電子
1176	Voice
1177	Orange
1178	flow/twinkle
1179	Hologram
1180	願い/涼風P
1181	どこまでも遠く響く愛の歌
1182	君と探し続けたい明日があるよ
1183	ノラにゃんこ
1184	サブリミナル
1185	鳥のうた
1186	名誉会長P
1187	やだ(･∀･)
1188	Letter/team-FSR
1189	墓参り
1190	伝説のミクルンルンP
1191	ever/twinkle
1192	鋼ノ女王、檻ノ姫
1193	For Brighter Day
1194	おかあさん/マチゲリータP
1195	C lonely tonight
1196	Bitter Sweet
1197	夜の中、春雪
1198	星夜の騎馬
1199	Ever
1200	プレゼント
1201	twinkle/作り手
1202	ガールズ･ビィ･アンビシャス!!
1203	レインコート
1204	碧ノ月
1205	アナザー：ワールドイズマイン
1206	ぐるぐる/YK_P
1207	Winter Story
1208	曲一覧/殿堂入り曲一覧
1209	超ツマンネ
1210	ツマンネ
1211	髪結
1212	1st summer
1213	emptiness
1214	メンスで☆ごめんネ！
1215	ダッツは冷凍
1216	どうか…
1217	恋は銭湯
1218	ぶっちぎりにしてあげる♪
1219	ZUTTO -for a long time-
1220	アイスがメルト
1221	メービウス
1222	natsuP
1223	何で　伸びた　ぼくの　売り上げ
1224	いやな歌
1225	ひよこかみなり
1226	名もなき花の種
1227	CDで聞いてみて。～ニコニコ動画せれくちょん～
1228	マシマロ
1229	NOSTALGIA/れれれP
1230	片想
1231	つやつやP
1232	秋の日
1233	数がすべてじゃないけれど
1234	ここ狭いP
1235	ぼっこぼこにされてるよ
1236	The Straight Song
1237	voyakiloid
1238	この手に残すもの
1239	月花ノ姫歌/秦野P
1240	月花ノ姫歌
1241	ブラック★ロックシューター
1242	SUPER YOWANE MEDLEY 0222
1243	おさななじみ
1244	弱音ハクが絶望
1245	弱音ハクの消失
1246	闇の底
1247	あなたのVOYAKILOID
1248	フエト
1249	ゆっくりと
1250	烏と兎
1251	stripe
1252	SHIKI
1253	忘れるわけないでしょ
1254	CREATED
1255	halP
1256	雨ゴイ
1257	ぽこたんP
1258	解雇解雇にしてあげる
1259	ストーカーP
1260	One Promise
1261	HAKOBAKO PLAYER
1262	僕がいる。君がいる。
1263	ロードローラーだ!!WRYYYYYYN
1264	黄金のロードローラー伝説
1265	骨盤P
1266	オレンジ・ティーンズ
1267	ほりでぃ
1268	ロードローラー節
1269	ロードローラー・ロボのテーマ
1270	アゴアニキP
1271	Joker/∀studio
1272	外界
1273	ひのかみ
1274	よよP
1275	消えるメモリー
1276	はいぽせしす
1277	ブライトワルト
1278	星空/彩音P
1279	数学ガール
1280	サルでもわかる
1281	ミカヅキ/テンネン
1282	今夜がスパンキー
1283	monophonics
1284	［I Love You］
1285	Vermilion/わんだらP
1286	桜ノRevolution
1287	虹と花滴
1288	青い氷の城
1289	after the end
1290	ワールドイズマイン/スP
1291	ロザリオ～輪廻幻想譚～
1292	クロネコ知ラズ＠詠ミ人知ラズ
1293	夕闇
1294	悪魔王ロードローラー
1295	ワールドイズマイン
1296	mist night
1297	ワタシラシクヲホコラシク/CD
1298	ワタシラシクヲホコラシク
1299	夢見るP
1300	灰色の正義
1301	音力行使
1302	ミクとピアノとファンタジィ
1303	いつも。
1304	Favor
1305	みくぶる
1306	あいのうた/haruna808
1307	星夜円舞曲～あたらしい贈り物～
1308	悪ノハッピーエンド
1309	トゥ★ナイト
1310	星空/L*aura
1311	sing a song!
1312	脳内グリッチ
1313	星空
1314	JUMP/yu-zi
1315	The flower of you
1316	追憶/ここ狭いP
1317	ryo/作り手
1318	魂のMeiko
1319	ワールドイズマイン/ryo
1320	Lonely Snow
1321	BitBambi
1322	@rigatto!
1323	ほしのレクイエム
1324	あたし電波りようこちゃん
1325	ネギガナイヨ
1326	かえりたい
1327	DYCON
1328	つきうさぎ
1329	月の鼓動
1330	眠れる森
1331	がくっぽいど
1332	ちゃぁ
1333	こねこのろっくんろーぅ
1334	斜陽/骨盤P
1335	message/骨盤P
1336	message/釣り師P
1337	カップラーメンP
1338	想いをこめて
1339	拝啓、井戸の底から
1340	枯れた世界と欠けた歌
1341	コーヒーとチョコレート
1342	リン廃宣言
1343	message
1344	オワタP
1345	私だってVocaloid
1346	Heaven's dooR
1347	クレヨン社
1348	ソライロP
1349	藤宴
1350	華人街雨情
1351	既成事実
1352	ココニイルカラ
1353	wintermute
1354	のぼり棒
1355	夕音
1356	encore/骨盤P
1357	Little Doll
1359	3秒ルール
1360	さかあがり
1361	マジカル☆クリプト☆リン
1362	おもいよとどいてよ
1363	かたほとりP
1364	Trick or Treat ?
1365	君の笑顔に、ありがとう
1366	for my dear
1367	冬の魔法/挫折P
1368	Shallow_Grave　-浅すぎる墓穴-
1369	最終兵器『初音ミク』
1370	やくそく/HMOとかの中の人
1371	キミノカケラ/ノア(Noah)
1372	花火色・弐
1373	汗かいちゃったね、シーザリオ
1374	ジェバンニpのすべて/CD
1375	きゃしゃんP
1376	Wingless Angel
1377	ありがとう/apache
1378	キミにアイに
1379	BOOOOST!
1380	Nak-AmiP
1381	逆襲のろどろら
1382	私がもらった優しさを次は誰にわけてあげよう
1383	よーぐるとのうたを歌ってもらった
1384	夜祭P
1385	Happy End/夏目P
1386	牛乳飲め！
1387	木枯らしの朝
1388	レッツゴー！
1389	14歳
1390	ベジタリアン
1391	ブライトニー
1392	螺旋迷宮～Spiral labyrinth～
1393	ウタタネ
1394	日々精進
1395	絡繰娯楽
1396	蝶のよう 花のよう
1397	束子P
1399	ヤキイモ
1400	ネハンシカ
1401	ホワイト・デイ
1402	PAPER
1403	アゲハ
1404	大切な贈り物
1405	花吹雪/ウタP
1406	シリツボミ
1407	空に届く砂の山
1408	夢幻特攻DARIO
1409	aka-ten
1410	心の小箱
1411	シンデレラ・ロマンス
1412	メロディック妹メタル〜妹ライン10／10〜
1413	ぶりるP
1414	Live in this moment
1415	想い
1416	ジプシィダンス
1417	祈りの歌
1418	果てしなき荒野
1419	嗚呼スザンナ
1420	おやすみスザンナ
1421	常勝将軍レンニゲウス
1422	おやすみの唄/アイス芋P
1423	へなちょこナイト
1424	ウタウタイ
1425	letter song
1426	通勤快速
1427	いーえるP
1428	イツクシ
1429	ソラアオイヤ
1430	ダムダム君
1431	メサイア/ke-ji
1432	ニコちゅう
1433	-REAL-
1434	1LDK
1435	ひとつうえのおとこ
1436	Love me らんらんるー
1437	Reminice
1438	銀世界
1439	エッチな娘
1440	End of Rain
1441	サンタクロースはここにいる♪
1442	Wish/らぶざわP
1443	サイレン/ばすてぃP
1444	灯りのノエル
1445	ワルツの魔に吹かれて
1446	Requiem of Steel～鉄の鎮魂歌～
